Rank,PlayerID,Name,Team,ByeWeek,Age,Position,PositionRank,AverageDraftPositionPPR
1,21685,Justin Jefferson,MIN,13,24,WR,WR1,1
2,18877,Christian McCaffrey,SF,9,27,RB,RB1,2
3,22564,Ja'Marr Chase,CIN,7,24,WR,WR2,3
4,19562,Austin Ekeler,LAC,5,29,RB,RB2,4
5,18082,Tyreek Hill,MIA,10,30,WR,WR3,5
6,15048,Travis Kelce,KC,10,34,TE,TE1,6
7,18882,Cooper Kupp,LAR,10,30,WR,WR4,7
8,23189,Bijan Robinson,ATL,11,22,RB,RB3,8
9,19766,Saquon Barkley,NYG,13,27,RB,RB4,9
10,16906,Stefon Diggs,BUF,13,30,WR,WR5,10
11,21679,CeeDee Lamb,DAL,7,25,WR,WR6,11
12,19798,Nick Chubb,CLE,5,28,RB,RB5,12
13,21042,A.J. Brown,PHI,10,26,WR,WR7,13
14,16470,Davante Adams,LV,13,31,WR,WR8,14
15,20912,Tony Pollard,DAL,7,27,RB,RB6,15
16,22587,Amon-Ra St. Brown,DET,9,24,WR,WR9,16
17,23122,Garrett Wilson,NYJ,7,23,WR,WR10,17
18,17959,Derrick Henry,TEN,7,30,RB,RB7,18
19,18890,Patrick Mahomes,KC,10,28,QB,QB1,19
20,20824,Josh Jacobs,LV,13,26,RB,RB8,20
21,19801,Josh Allen,BUF,13,27,QB,QB2,21
22,22598,Jaylen Waddle,MIA,10,25,WR,WR11,22
23,22565,Chris Olave,NO,11,23,WR,WR12,23
24,21831,Jalen Hurts,PHI,10,25,QB,QB3,24
25,21687,DeVonta Smith,PHI,10,25,WR,WR13,25
26,22546,Rhamondre Stevenson,NE,11,26,RB,RB9,26
27,21768,Najee Harris,PIT,6,26,RB,RB10,27
28,19803,Mark Andrews,BAL,13,28,TE,TE2,28
29,21690,Tee Higgins,CIN,7,25,WR,WR14,29
30,21696,Travis Etienne Jr.,JAX,9,25,RB,RB11,30
31,20875,DK Metcalf,SEA,5,26,WR,WR15,31
32,18858,Joe Mixon,CIN,7,27,RB,RB12,32
33,19802,Calvin Ridley,JAX,9,29,WR,WR16,33
34,23200,Jahmyr Gibbs,DET,9,22,RB,RB13,34
35,19781,Lamar Jackson,BAL,13,27,QB,QB4,35
36,20932,Deebo Samuel Sr.,SF,9,28,WR,WR17,36
37,15076,Keenan Allen,LAC,5,32,WR,WR18,37
38,19045,Aaron Jones,GB,6,29,RB,RB14,38
39,16765,Amari Cooper,CLE,5,29,WR,WR19,39
40,22526,Breece Hall,NYJ,7,22,RB,RB15,40
41,21693,Joe Burrow,CIN,7,27,QB,QB5,41
42,23214,Kenneth Walker III,SEA,5,23,RB,RB16,42
43,21682,Jonathan Taylor,IND,11,25,RB,RB17,43
44,20805,T.J. Hockenson,MIN,13,26,TE,TE3,44
45,21681,Justin Herbert,LAC,5,26,QB,QB6,45
46,22492,Justin Fields,CHI,13,25,QB,QB7,46
47,23223,Dameon Pierce,HOU,7,24,RB,RB18,47
48,19844,DJ Moore,CHI,13,27,WR,WR20,48
49,14986,DeAndre Hopkins,TEN,7,31,WR,WR21,49
50,20933,Miles Sanders,CAR,7,27,RB,RB19,50
51,20873,Terry McLaurin,WAS,14,28,WR,WR22,51
52,23395,Christian Watson,GB,6,25,WR,WR23,52
53,19063,George Kittle,SF,9,30,TE,TE4,53
54,21674,J.K. Dobbins,BAL,13,25,RB,RB20,54
55,22490,Trevor Lawrence,JAX,9,24,QB,QB8,55
56,20868,Alexander Mattison,MIN,13,25,RB,RB21,56
57,23151,Drake London,ATL,11,22,WR,WR24,57
58,18914,Mike Williams,LAC,5,29,WR,WR25,58
59,21688,Cam Akers,LAR,10,24,RB,RB22,59
60,16964,Darren Waller,NYG,13,31,TE,TE5,60
61,18880,Chris Godwin,TB,5,28,WR,WR26,61
62,21692,Jerry Jeudy,DEN,9,25,WR,WR27,62
63,23217,Rachaad White,TB,5,25,RB,RB23,63
64,18872,Dalvin Cook,NYJ,7,28,RB,RB24,64
65,16830,Tyler Lockett,SEA,5,31,WR,WR28,65
66,21747,Brandon Aiyuk,SF,9,26,WR,WR29,66
67,18983,James Conner,ARI,14,29,RB,RB25,67
68,19815,Christian Kirk,JAX,9,27,WR,WR30,68
69,18878,Alvin Kamara,NO,11,28,RB,RB26,69
70,22558,Javonte Williams,DEN,9,24,RB,RB27,70
71,19863,Dallas Goedert,PHI,10,29,TE,TE6,71
72,21077,Diontae Johnson,PIT,6,27,WR,WR31,72
73,22508,Kyle Pitts,ATL,11,23,TE,TE7,73
74,21684,D'Andre Swift,PHI,10,25,RB,RB28,74
75,23247,James Cook,BUF,13,24,RB,RB29,75
76,21744,Michael Pittman Jr.,IND,11,26,WR,WR32,76
77,23371,Isiah Pacheco,KC,10,25,RB,RB30,77
78,16597,Mike Evans,TB,5,30,WR,WR33,78
79,23153,George Pickens,PIT,6,23,WR,WR34,79
80,20882,David Montgomery,DET,9,26,RB,RB31,80
81,21045,Marquise Brown,ARI,14,26,WR,WR35,81
82,23155,Jahan Dotson,WAS,14,24,WR,WR36,82
83,18055,Dak Prescott,DAL,7,30,QB,QB9,83
84,23162,Jordan Addison,MIN,13,22,WR,WR37,84
85,18912,Evan Engram,JAX,9,29,TE,TE8,85
86,21802,AJ Dillon,GB,6,26,RB,RB32,86
87,18857,Deshaun Watson,CLE,5,28,QB,QB10,87
88,16568,Brandin Cooks,DAL,7,30,WR,WR38,88
89,21677,Tua Tagovailoa,MIA,10,26,QB,QB11,89
90,19800,Courtland Sutton,DEN,9,28,WR,WR39,90
91,23157,Jaxon Smith-Njigba,SEA,5,22,WR,WR40,91
92,22563,Khalil Herbert,CHI,13,26,RB,RB33,92
93,22507,Pat Freiermuth,PIT,6,25,TE,TE9,93
94,23190,Brian Robinson Jr.,WAS,14,25,RB,RB34,94
95,21861,Antonio Gibson,WAS,14,25,RB,RB35,95
96,21735,Gabe Davis,BUF,13,25,WR,WR41,96
97,17960,Michael Thomas,NO,11,31,WR,WR42,97
98,18876,David Njoku,CLE,5,27,TE,TE10,98
99,18995,Jamaal Williams,NO,11,29,RB,RB36,99
100,93,San Francisco 49ers,SF,9,null,DST,DST1,100
101,18883,JuJu Smith-Schuster,NE,11,27,WR,WR43,101
102,23173,Zach Charbonnet,SEA,5,23,RB,RB37,102
103,2593,Aaron Rodgers,NYJ,7,40,QB,QB12,103
104,18993,Samaje Perine,DEN,9,28,RB,RB38,104
105,20841,Daniel Jones,NYG,13,26,QB,QB13,105
106,14252,Kirk Cousins,MIN,13,35,QB,QB14,106
107,23120,Zay Flowers,BAL,13,23,WR,WR44,107
108,23119,Treylon Burks,TEN,7,24,WR,WR45,108
109,16389,Odell Beckham Jr.,BAL,13,31,WR,WR46,109
110,22614,Kadarius Toney,KC,10,25,WR,WR47,110
111,19799,Rashaad Penny,PHI,10,28,RB,RB39,111
112,24226,Quentin Johnston,LAC,5,22,WR,WR48,112
113,14895,Geno Smith,SEA,5,33,QB,QB15,113
114,23168,Skyy Moore,KC,10,23,WR,WR49,114
115,16510,Jerick McKinnon,KC,10,32,RB,RB40,115
116,22592,Elijah Moore,CLE,5,24,WR,WR50,116
117,24117,Anthony Richardson,IND,11,22,QB,QB16,117
118,26,Philadelphia Eagles,PHI,10,null,DST,DST2,118
119,19920,Dalton Schultz,HOU,7,27,TE,TE11,119
120,24179,De'Von Achane,MIA,10,22,RB,RB41,120
121,22535,Elijah Mitchell,SF,9,26,RB,RB42,121
122,20790,Damien Harris,BUF,13,27,RB,RB43,122
123,15534,Adam Thielen,CAR,7,33,WR,WR51,123
124,20145,Allen Lazard,NYJ,7,28,WR,WR52,124
125,48,Dallas Cowboys,DAL,7,null,DST,DST3,125
126,14688,Justin Tucker,BAL,13,34,K,K1,126
127,17923,Ezekiel Elliott,NE,11,28,RB,RB44,127
128,37,Buffalo Bills,BUF,13,null,DST,DST4,128
129,23479,Jaylen Warren,PIT,6,25,RB,RB45,129
130,20876,Jakobi Meyers,LV,13,27,WR,WR53,130
131,22623,Rashod Bateman,BAL,13,24,WR,WR54,131
132,17922,Jared Goff,DET,9,29,QB,QB17,132
133,23250,Tyler Allgeier,ATL,11,24,RB,RB46,133
134,17217,Raheem Mostert,MIA,10,32,RB,RB47,134
135,24102,Dalton Kincaid,BUF,13,24,TE,TE12,135
136,18032,Tyler Higbee,LAR,10,31,TE,TE13,136
137,14536,Russell Wilson,DEN,9,35,QB,QB18,137
138,23234,Jameson Williams,DET,9,23,WR,WR55,138
139,21,New England Patriots,NE,11,null,DST,DST5,139
140,23193,Tank Bigsby,JAX,9,22,RB,RB48,140
141,21772,Cole Kmet,CHI,13,25,TE,TE14,141
142,21738,Juwan Johnson,NO,11,27,TE,TE15,142
143,21756,Nico Collins,HOU,7,25,WR,WR56,143
144,23167,Romeo Doubs,GB,6,24,WR,WR57,144
145,19989,Daniel Carlson,LV,13,29,K,K2,145
146,23489,Chigoziem Okonkwo,TEN,7,24,TE,TE16,146
147,20941,Devin Singletary,HOU,7,26,RB,RB49,147
148,20360,Jeff Wilson Jr.,MIA,10,28,RB,RB50,148
149,17986,Tyler Boyd,CIN,7,29,WR,WR58,149
150,22562,Kenneth Gainwell,PHI,10,25,RB,RB51,150
151,23310,Greg Dulcich,DEN,9,24,TE,TE17,151
152,36,Baltimore Ravens,BAL,13,null,DST,DST6,152
153,22626,Rondale Moore,ARI,14,23,WR,WR59,153
154,18957,D'Onta Foreman,CHI,13,28,RB,RB52,154
155,22108,Tyler Bass,BUF,13,27,K,K3,155
156,18926,Zay Jones,JAX,9,29,WR,WR60,156
157,82,New York Jets,NYJ,7,null,DST,DST7,157
158,22501,Kenny Pickett,PIT,6,25,QB,QB19,158
159,21961,Darnell Mooney,CHI,13,26,WR,WR61,159
160,19073,Harrison Butker,KC,10,28,K,K4,160
161,16311,Derek Carr,NO,11,33,QB,QB20,161
162,24372,Roschon Johnson,CHI,13,23,RB,RB53,162
163,23141,Sam LaPorta,DET,9,23,TE,TE18,163
164,28,Pittsburgh Steelers,PIT,6,null,DST,DST8,164
165,69,New Orleans Saints,NO,11,null,DST,DST9,165
166,20850,Dawson Knox,BUF,13,27,TE,TE19,166
167,9038,Matthew Stafford,LAR,10,36,QB,QB21,167
168,21714,K.J. Osborn,MIN,13,26,WR,WR62,168
169,24238,Kendre Miller,NO,11,21,RB,RB54,169
170,24125,Jalin Hyatt,NYG,13,22,WR,WR63,170
171,19565,Younghoe Koo,ATL,11,29,K,K5,171
172,18935,Gerald Everett,LAC,5,29,TE,TE20,172
173,21754,Donovan Peoples-Jones,CLE,5,25,WR,WR64,173
174,11694,Nick Folk,TEN,7,39,K,K6,174
175,55,Kansas City Chiefs,KC,10,null,DST,DST10,175
176,12,Green Bay Packers,GB,6,null,DST,DST11,176
177,24123,Tyjae Spears,TEN,7,23,RB,RB55,177
178,24120,Rashee Rice,KC,10,24,WR,WR65,178
179,19867,Michael Gallup,DAL,7,28,WR,WR66,179
180,64,Miami Dolphins,MIA,10,null,DST,DST12,180
181,19816,DJ Chark Jr.,CAR,7,27,WR,WR67,181
182,15150,Cordarrelle Patterson,ATL,11,33,RB,RB56,182
183,22908,Evan McPherson,CIN,7,24,K,K7,183
184,23132,Bryce Young,CAR,7,22,QB,QB22,184
185,19041,Jake Elliott,PHI,10,29,K,K8,185
186,23241,Brock Purdy,SF,9,24,QB,QB23,186
187,24188,Deuce Vaughn,DAL,7,22,RB,RB57,187
188,20889,Kyler Murray,ARI,14,26,QB,QB24,188
189,23140,Michael Mayer,LV,13,22,TE,TE21,189
190,52,Jacksonville Jaguars,JAX,9,null,DST,DST13,190
191,23161,Jonathan Mingo,CAR,7,23,WR,WR68,191
192,21691,Chuba Hubbard,CAR,7,24,RB,RB58,192
193,21841,Jordan Love,GB,6,25,QB,QB25,193
194,17215,Jason Myers,SEA,5,33,K,K9,194
195,14996,Brandon McManus,JAX,9,32,K,K10,195
196,20239,Gus Edwards,BAL,13,29,RB,RB59,196
197,19976,Marquez Valdes-Scantling,KC,10,29,WR,WR69,197
198,22539,Zamir White,LV,13,24,RB,RB60,198
199,21769,Clyde Edwards-Helaire,KC,10,25,RB,RB61,199
200,97,Washington Commanders,WAS,14,null,DST,DST14,200
201,20949,Irv Smith,CIN,7,25,TE,TE22,201
202,19238,Taysom Hill,NO,11,33,QB,QB26,202
203,49,Denver Broncos,DEN,9,null,DST,DST15,203
204,24150,Luke Musgrave,GB,6,23,TE,TE23,204
205,23165,Marvin Mims Jr.,DEN,9,22,WR,WR70,205
206,19853,Mike Gesicki,NE,11,28,TE,TE24,206
207,23138,Jake Ferguson,DAL,7,25,TE,TE25,207
208,20924,Hunter Renfrow,LV,13,28,WR,WR71,208
209,23567,Cameron Dicker,LAC,5,24,K,K11,209
210,23205,Jerome Ford,CLE,5,24,RB,RB62,210
211,23232,Alec Pierce,IND,11,24,WR,WR72,211
212,21005,Parris Campbell,NYG,13,26,WR,WR73,213
213,7,Cincinnati Bengals,CIN,7,null,DST,DST16,214
214,24423,Jake Moody,SF,9,24,K,K12,215
215,21852,Ty Chandler,MIN,13,26,RB,RB63,216
216,20769,Matt Gay,IND,11,30,K,K13,217
217,23185,Sam Howell,WAS,14,23,QB,QB27,218
218,21760,Isaiah Hodgins,NYG,13,25,WR,WR74,219
219,20033,Jason Sanders,MIA,10,28,K,K14,220
220,10333,Graham Gano,NYG,13,37,K,K15,222
221,14856,Zach Ertz,ARI,14,33,TE,TE26,223
222,21776,Joshua Kelley,LAC,5,26,RB,RB64,224
223,23239,C.J. Stroud,HOU,7,22,QB,QB28,225
224,18928,Curtis Samuel,WAS,14,27,WR,WR75,226
225,14697,Greg Zuerlein,NYJ,7,36,K,K16,227
226,23233,Jayden Reed,GB,6,24,WR,WR76,228
227,16041,Jimmy Garoppolo,LV,13,32,QB,QB29,229
228,19843,Hayden Hurst,CAR,7,30,TE,TE27,230
229,90,Seattle Seahawks,SEA,5,null,DST,DST17,231
230,24176,Tank Dell,HOU,7,24,WR,WR77,232
231,8,Cleveland Browns,CLE,5,null,DST,DST18,233
232,22674,Deon Jackson,IND,11,25,RB,RB65,234
233,21739,Van Jefferson,LAR,10,27,WR,WR78,235
234,23163,Justyn Ross,KC,10,24,WR,WR79,236
235,23170,Wan'Dale Robinson,NYG,13,23,WR,WR80,237
236,19988,Tyler Conklin,NYJ,7,28,TE,TE28,238
237,17975,Hunter Henry,NE,11,29,TE,TE29,239
238,21752,Chase Claypool,CHI,13,25,WR,WR81,240
239,22685,Terrace Marshall Jr.,CAR,7,23,WR,WR82,241
240,23729,Rashid Shaheed,NO,11,25,WR,WR83,242
241,22496,Mac Jones,NE,11,25,QB,QB30,243
242,19919,Chase Edmonds,TB,5,28,RB,RB66,244
243,20943,Darius Slayton,NYG,13,27,WR,WR84,245
244,21784,Zack Moss,IND,11,26,RB,RB67,246
245,75,New York Giants,NYG,13,null,DST,DST19,247
246,20753,Noah Fant,SEA,5,26,TE,TE30,248
247,23218,Pierre Strong Jr.,CLE,5,25,RB,RB68,249
248,67,Minnesota Vikings,MIN,13,null,DST,DST20,250
249,84,Los Angeles Chargers,LAC,5,null,DST,DST21,251
250,13799,Ryan Tannehill,TEN,7,35,QB,QB31,252
251,11,Detroit Lions,DET,9,null,DST,DST22,253
252,23160,John Metchie III,HOU,7,23,WR,WR85,254
253,23212,Kyren Williams,LAR,10,23,RB,RB69,255
254,24374,Chase Brown,CIN,7,24,RB,RB70,256
255,23174,Zach Evans,LAR,10,22,RB,RB71,257
256,24145,Josh Downs,IND,11,22,WR,WR86,258
257,5,Carolina Panthers,CAR,7,null,DST,DST23,259
258,22613,Joshua Palmer,LAC,5,24,WR,WR87,260
259,23256,Isaiah Likely,BAL,13,24,TE,TE31,261
260,20077,Richie James,KC,10,28,WR,WR88,262
261,19790,Baker Mayfield,TB,5,29,QB,QB32,263
262,22553,Michael Carter,NYJ,7,25,RB,RB72,264
263,24204,Evan Hull,IND,11,23,RB,RB73,265
264,20788,Mecole Hardman Jr.,NYJ,7,26,WR,WR89,266
265,23469,Tyquan Thornton,NE,11,23,WR,WR90,267
266,23227,Khalil Shakir,BUF,13,24,WR,WR91,268
267,32,Los Angeles Rams,LAR,10,null,DST,DST24,269
268,14871,Robert Woods,HOU,7,32,WR,WR92,270
269,24194,Sean Tucker,TB,5,22,RB,RB74,271
270,20325,Greg Joseph,MIN,13,29,K,K17,272
271,23251,Trey McBride,ARI,14,24,TE,TE32,274
272,38,Chicago Bears,CHI,13,null,DST,DST25,275
273,83,Las Vegas Raiders,LV,13,null,DST,DST26,276
274,16775,DeVante Parker,NE,11,31,WR,WR93,277
275,21697,Laviska Shenault Jr.,CAR,7,25,WR,WR94,278
276,15071,Latavius Murray,BUF,13,34,RB,RB75,279
277,22863,Riley Patterson,DET,9,25,K,K18,280
278,16263,Allen Robinson II,PIT,6,30,WR,WR95,281
279,23198,Isaiah Spiller,LAC,5,22,RB,RB76,282
280,24212,DeWayne McBride,MIN,13,22,RB,RB77,283
281,23270,Will Levis,TEN,7,24,QB,QB33,284
282,19319,Matt Breida,NYG,13,29,RB,RB78,286
283,15854,Brett Maher,LAR,10,34,K,K19,287
284,1,Arizona Cardinals,ARI,14,null,DST,DST27,288
285,23136,Darnell Washington,PIT,6,22,TE,TE33,289
286,23880,Malik Davis,DAL,7,25,RB,RB79,290
287,22502,Desmond Ridder,ATL,11,24,QB,QB34,291
288,21970,James Robinson,NYG,13,25,RB,RB80,292
289,19023,Mack Hollins,ATL,11,30,WR,WR96,293
290,22493,Trey Lance,DAL,7,24,QB,QB35,294
291,95,Tampa Bay Buccaneers,TB,5,null,DST,DST28,295
292,21071,Greg Dortch,ARI,14,25,WR,WR97,296
293,14,Indianapolis Colts,IND,11,null,DST,DST29,297
294,14901,Kyle Juszczyk,SF,9,33,FB,RB81,298
295,23490,Jelani Woods,IND,11,25,TE,TE34,299
296,34,Tennessee Titans,TEN,7,null,DST,DST30,300
297,2,Atlanta Falcons,ATL,11,null,DST,DST31,301
298,19972,Mike White,MIA,10,29,QB,QB36,302
299,24336,Jacob Copeland,MIN,13,24,WR,WR98,303
300,22566,Calvin Austin III,PIT,6,25,WR,WR99,304
301,23304,Cade York,TEN,7,23,K,K20,305
302,12841,Andy Dalton,CAR,7,36,QB,QB37,306
303,22560,Keaontay Ingram,ARI,14,24,RB,RB82,307
304,23134,Cade Otton,TB,5,25,TE,TE35,308
305,19318,Kendrick Bourne,NE,11,28,WR,WR100,309
306,21765,JaMycal Hasty,JAX,9,27,RB,RB83,310
307,23847,Zonovan Knight,DET,9,23,RB,RB84,311
308,21952,Rico Dowdle,DAL,7,26,RB,RB85,312
309,23093,Jake Verity,TB,5,26,K,K21,313
310,22505,Davis Mills,HOU,7,25,QB,QB38,314
311,13,Houston Texans,HOU,7,null,DST,DST32,315
312,22647,Chris Evans,CIN,7,26,RB,RB86,316
313,20039,Boston Scott,PHI,10,29,RB,RB87,317
314,16855,Ty Montgomery II,NE,11,31,WR,WR101,318
315,24173,Michael Wilson,ARI,14,24,WR,WR102,319
316,20144,Michael Badgley,DET,9,28,K,K22,320
317,13870,Marvin Jones Jr.,DET,9,34,WR,WR103,321
318,23273,Hassan Haskins,TEN,7,24,RB,RB88,322
319,23485,Daniel Bellinger,NYG,13,23,TE,TE36,323
320,16776,Melvin Gordon III,BAL,13,31,RB,RB89,324
321,20990,Trayveon Williams,CIN,7,26,RB,RB90,325
322,24217,Trey Palmer,TB,5,23,WR,WR104,326
323,24172,Puka Nacua,LAR,10,22,WR,WR105,327
324,19491,Robert Tonyan,CHI,13,30,TE,TE37,328
325,16656,Logan Thomas,WAS,14,32,TE,TE38,329
326,23422,Jalen Pitre,HOU,7,24,S,DB1,330
327,21156,John Lovett,MIA,10,28,FB,RB91,331
328,19861,Ronald Jones,DAL,7,26,RB,RB92,332
329,18018,Jacoby Brissett,WAS,14,31,QB,QB39,334
330,11047,Colt McCoy,ARI,14,37,QB,QB40,335
331,23148,David Bell,CLE,5,23,WR,WR106,336
332,19827,Roquan Smith,BAL,13,27,ILB,LB1,338
333,24463,Julian Hill,MIA,10,23,TE,TE39,339
334,21734,Nick Westbrook-Ikhine,TEN,7,27,WR,WR107,340
335,17179,Taylor Heinicke,ATL,11,31,QB,QB41,341
336,20880,Gardner Minshew II,IND,11,28,QB,QB42,342
337,20500,Darrel Williams,NO,11,29,RB,RB93,343
338,20057,Auden Tate,ARI,14,27,WR,WR108,344
339,21810,Tyler Huntley,BAL,13,26,QB,QB43,345
340,24178,Israel Abanikanda,NYJ,7,21,RB,RB94,346
341,19854,Dante Pettis,CHI,13,28,WR,WR109,347
342,20149,Eddy Pi√±eiro,CAR,7,28,K,K23,348
343,17963,Austin Hooper,LV,13,29,TE,TE40,349
344,18478,Wil Lutz,DEN,9,29,K,K24,350
345,19043,Isaiah McKenzie,IND,11,29,WR,WR110,351
346,11488,Jimmy Graham,NO,11,37,TE,TE41,352
347,16191,Chris Boswell,PIT,6,33,K,K25,354
348,19812,Sam Darnold,SF,9,26,QB,QB44,355
349,24902,Brandon Aubrey,DAL,7,29,K,K26,356
350,22603,Ty Fryfogle,KC,10,25,WR,WR111,357
351,13227,Randall Cobb,NYJ,7,33,WR,WR112,358
352,17961,Sterling Shepard,NYG,13,31,WR,WR113,359
353,24008,Troy Hairston,HOU,7,25,FB,RB95,360
354,549,Matt Prater,ARI,14,39,K,K27,361
355,19891,Fred Warner,SF,9,27,LB,LB2,362
356,22494,Kyle Trask,TB,5,26,QB,QB45,363
357,23763,Brandon Johnson,DEN,9,25,WR,WR114,364
358,18422,Kalif Raymond,DET,9,29,WR,WR115,365
359,19922,Justin Watson,KC,10,29,WR,WR116,366
360,23652,Caleb Shudak,TEN,7,26,K,K28,367
361,23364,Jordan Mason,SF,9,24,RB,RB96,368
362,20053,Kyle Allen,BUF,13,28,QB,QB46,369
363,24351,Stetson Bennett,LAR,10,26,QB,QB47,370
364,24349,A.T. Perry,NO,11,24,WR,WR117,371
365,21717,Jauan Jennings,SF,9,26,WR,WR118,372
366,24288,Luke Schoonmaker,DAL,7,25,TE,TE42,373
367,16763,Marcus Mariota,PHI,10,30,QB,QB48,374
368,24365,Deneric Prince,KC,10,24,RB,RB97,375
369,23195,Eric Gray,NYG,13,24,RB,RB98,376
370,23237,Chris Rodriguez Jr.,WAS,14,23,RB,RB99,377
371,19017,Josh Reynolds,DET,9,29,WR,WR119,378
372,16928,Michael Burton,DEN,9,32,FB,RB100,379
373,23267,Bailey Zappe,NE,11,25,QB,QB49,380
374,24371,Anders Carlson,GB,6,25,K,K29,381
375,23463,Kyle Philips,TEN,7,24,WR,WR120,382
376,21721,Devin Duvernay,BAL,13,26,WR,WR121,383
377,22627,Ronnie Bell,SF,9,24,WR,WR122,384
378,19072,Alex Armah,WAS,14,30,RB,RB101,385
379,20717,Tristan Vizcaino,DAL,7,27,K,K30,386
380,21794,Albert Okwuegbunam,PHI,10,26,TE,TE43,387
381,24079,Lucas Havrisik,CLE,5,24,K,K31,388
382,22547,Ronnie Rivers,LAR,10,25,RB,RB102,389
383,20884,Foster Moreau,NO,11,27,TE,TE44,390
384,21542,Chase McLaughlin,TB,5,28,K,K32,391
385,22602,Tutu Atwell,LAR,10,24,WR,WR123,392
386,24339,Jake Bobo,SEA,5,25,WR,WR124,393
387,19950,Will Dissly,SEA,5,27,TE,TE45,394
388,22495,Zach Wilson,NYJ,7,24,QB,QB50,395
389,20081,Trent Sherfield Sr.,BUF,13,28,WR,WR125,396
390,21957,Quez Watkins,PHI,10,25,WR,WR126,397
391,16917,C.J. Uzomah,NYJ,7,31,TE,TE46,398
392,22631,Blake Proehl,MIN,13,25,WR,WR127,399
393,24373,Kenny McIntosh,SEA,5,24,RB,RB103,400
394,21105,Elliott Fry,DEN,9,29,K,K33,401
395,18030,Chris Moore,TEN,7,30,WR,WR128,402
396,22533,Demetric Felton,CIN,7,25,RB,RB104,403
397,19943,Durham Smythe,MIA,10,28,TE,TE47,405
398,22590,Ben Skowronek,LAR,10,26,WR,WR129,406
399,19080,Noah Brown,HOU,7,28,WR,WR130,407
400,18003,Kenyan Drake,IND,11,30,RB,RB105,409
401,20679,KhaDarel Hodge,ATL,11,29,WR,WR131,410
402,21788,Ke'Shawn Vaughn,TB,5,27,RB,RB106,411
403,12831,Tyrod Taylor,NYG,13,34,QB,QB51,412
404,18215,Ka'imi Fairbairn,HOU,7,30,K,K34,413
405,18652,C.J. Ham,MIN,13,30,FB,RB107,414
406,21263,Trenton Irwin,CIN,7,28,WR,WR132,415
407,21785,Noah Gray,KC,10,25,TE,TE48,416
408,18811,Mitchell Trubisky,PIT,6,29,QB,QB52,417
409,23145,C.J. Johnson,SEA,5,23,WR,WR133,418
410,21593,D'Ernest Johnson,JAX,9,28,RB,RB108,420
411,19548,Corey Clement,ARI,14,29,RB,RB109,421
412,19461,Cooper Rush,DAL,7,30,QB,QB53,422
413,23487,Connor Heyward,PIT,6,25,TE,TE49,423
414,20038,Braxton Berrios,MIA,10,28,WR,WR134,424
415,23298,Raheem Blackshear,CAR,7,25,RB,RB110,425
416,21163,Deonte Harty,BUF,13,26,WR,WR135,426
417,20859,Drew Lock,SEA,5,27,QB,QB54,427
418,22517,Peyton Hendershot,DAL,7,25,TE,TE50,428
419,24180,Demario Douglas,NE,11,23,WR,WR136,429
420,24140,Hendon Hooker,DET,9,26,QB,QB55,430
421,22597,Jalen Tolbert,DAL,7,25,WR,WR137,431
422,23231,Tyler Badie,DEN,9,25,RB,RB111,432
423,14867,Dustin Hopkins,CLE,5,33,K,K35,433
424,22515,Cole Turner,WAS,14,24,TE,TE51,434
425,20905,Donald Parham Jr.,LAC,5,26,TE,TE52,435
426,19209,Patrick Ricard,BAL,13,29,FB,RB112,436
427,21786,Adam Trautman,DEN,9,27,TE,TE53,437
428,21801,Trey Sermon,PHI,10,25,RB,RB113,438
429,21564,Craig Reynolds,DET,9,27,RB,RB114,439
430,24122,Charlie Jones,CIN,7,25,WR,WR138,440
431,19025,Joshua Dobbs,ARI,14,29,QB,QB56,441
432,22600,Johnny Johnson III,HOU,7,25,WR,WR139,443
433,21825,Spencer Brown,CAR,7,25,RB,RB115,444
434,24348,Cedric Tillman,CLE,5,24,WR,WR140,445
435,23604,Montrell Washington,KC,10,25,WR,WR141,446
436,24350,Aidan O'Connell,LV,13,25,QB,QB57,447
437,22509,Hunter Long,LAR,10,25,TE,TE54,449
438,20954,Jarrett Stidham,DEN,9,27,QB,QB58,450
439,16301,Cairo Santos,CHI,13,32,K,K36,451
440,17009,Trevor Siemian,CIN,7,32,QB,QB59,452
441,19917,Antonio Callaway,DAL,7,27,WR,WR142,453
442,23121,Kayshon Boutte,NE,11,22,WR,WR143,454
443,24464,Xazavian Valladay,NYJ,7,25,RB,RB116,455
444,23226,Charleston Rambo,PHI,10,24,WR,WR144,456
445,22604,Tylan Wallace,BAL,13,25,WR,WR145,457
446,24476,Sean Clifford,GB,6,25,QB,QB60,458
447,22561,Kennedy Brooks,PHI,10,25,RB,RB117,459
448,23659,Tay Martin,SF,9,26,WR,WR146,460
449,22575,Amari Rodgers,IND,11,24,WR,WR147,461
450,23287,B.J. Baylor,ATL,11,25,RB,RB118,462
451,21807,Colby Parkinson,SEA,5,25,TE,TE55,463
452,22555,Jermar Jefferson,DET,9,24,RB,RB119,464
453,24221,Justin Shorter,BUF,13,24,WR,WR148,465
454,23470,Trestan Ebner,CHI,13,25,RB,RB120,466
455,23838,Daylen Baldwin,CLE,5,24,WR,WR149,467
456,22672,Gary Brightwell,NYG,13,25,RB,RB121,469
457,24279,Malik Cunningham,NE,11,25,QB,QB61,470
458,22609,Shi Smith,CAR,7,25,WR,WR150,471
459,23482,Bo Melton,GB,6,25,WR,WR151,472
460,23441,Braylon Sanders,MIA,10,25,WR,WR152,473
461,20013,Cedrick Wilson Jr.,MIA,10,28,WR,WR153,474
462,24436,Chad Ryland,NE,11,24,K,K37,475
463,21849,Caleb Huntley,ATL,11,25,RB,RB122,476
464,24076,Josh Ali,ATL,11,25,WR,WR154,477
465,23890,Shemar Bridges,BAL,13,26,WR,WR155,479
466,21808,Dalton Keene,HOU,7,25,TE,TE56,480
467,23732,John Parker Romo,CHI,13,26,K,K38,481
468,21743,Lynn Bowden Jr.,NO,11,26,WR,WR156,482
469,24411,Noah Gindorff,SEA,5,25,TE,TE57,483
470,23183,Matt Corral,NE,11,25,QB,QB62,484
471,23279,Slade Bolden,ATL,11,25,WR,WR157,485
472,24420,Matt Landers,SEA,5,24,WR,WR158,486
473,24741,Tanner Brown,LAR,10,24,K,K39,488
474,23478,Abram Smith,MIN,13,25,RB,RB123,489
475,24223,Brenton Strange,JAX,9,23,TE,TE58,490
476,22622,Racey McMath,IND,11,24,WR,WR159,491
477,23010,Brock Wright,DET,9,25,TE,TE59,492
478,24449,Elijah Higgins,ARI,14,23,TE,TE60,493
479,24121,Derius Davis,LAC,5,23,WR,WR160,494
480,21759,KJ Hamler,DEN,9,24,WR,WR161,495
481,20398,Equanimeous St. Brown,CHI,13,27,WR,WR162,496
482,23594,Chase Garbers,LV,13,24,QB,QB63,497
483,23476,E.J. Perry,HOU,7,26,QB,QB64,498
484,24225,Nathan Rourke,JAX,9,25,QB,QB65,499
485,20819,Alec Ingold,MIA,10,27,FB,RB124,500
486,21843,Salvon Ahmed,MIA,10,25,RB,RB125,501
487,23662,Jake Tonges,CHI,13,24,TE,TE61,502
488,23621,Nick Muse,MIN,13,25,TE,TE62,503
489,24626,Elijah Dotson,LAC,5,25,RB,RB126,504
490,19120,David Moore,TB,5,29,WR,WR163,505
491,24175,Max Duggan,LAC,5,23,QB,QB66,506
492,21142,Olamide Zaccheaus,PHI,10,26,WR,WR164,507
493,19659,Dan Arnold,PHI,10,29,TE,TE63,510
494,21964,Cody White,PIT,6,25,WR,WR165,511
495,22511,Quintin Morris,BUF,13,25,TE,TE64,512
496,22595,Ihmir Smith-Marsette,CAR,7,24,WR,WR166,513
497,19903,Jordan Akins,CLE,5,32,TE,TE65,514
498,24291,Khalan Laborn,SF,9,24,RB,RB127,515
499,24220,Tyler Scott,CHI,13,22,WR,WR167,517
500,24171,Jaren Hall,MIN,13,26,QB,QB67,518
501,23725,Dennis Houston,NYG,13,25,WR,WR168,519
502,21777,Larry Rountree III,HOU,7,25,RB,RB128,520
503,17218,DeAndre Carter,LV,13,31,WR,WR169,521
504,23135,Charlie Kolar,BAL,13,25,TE,TE66,522
505,22624,Reggie Roberson Jr.,TEN,7,26,WR,WR170,523
506,23249,Jake Haener,NO,11,25,QB,QB68,524
507,23966,Lance McCutcheon,HOU,7,25,WR,WR171,525
508,24177,Tre Tucker,LV,13,23,WR,WR172,527
509,21100,Jakob Johnson,LV,13,29,FB,RB129,528
510,23821,Kyric McGowan,WAS,14,24,WR,WR173,529
511,21967,Isaiah Coulter,BUF,13,25,WR,WR174,530
512,24211,Zack Kuntz,NYJ,7,24,TE,TE67,531
513,23833,Austin Allen,GB,6,25,TE,TE68,532
514,24494,Colton Dowell,TEN,7,25,WR,WR175,533
515,23172,Tyrion Davis-Price,SF,9,23,RB,RB130,534
516,22596,Jaelon Darden,CLE,5,25,WR,WR176,535
517,22973,Austin Trammell,LAR,10,26,WR,WR177,536
518,23644,Stone Smartt,LAC,5,25,TE,TE69,537
519,22892,Tim Jones,JAX,9,26,WR,WR178,538
520,21178,Jason Moore,DET,9,28,WR,WR179,540
521,20899,Josh Oliver,MIN,13,27,TE,TE70,541
522,21383,Jody Fortson Jr.,KC,10,28,TE,TE71,542
523,21169,Malik Taylor,NYJ,7,28,WR,WR180,543
524,21349,Ashton Dulin,IND,11,27,WR,WR181,544
525,21368,Trinity Benson,DET,9,27,WR,WR182,545
526,21678,Brycen Hopkins,LAR,10,27,TE,TE72,546
527,23199,Sincere McCormick,LV,13,23,RB,RB131,548
528,23415,Nikola Kalinic,LAR,10,27,TE,TE73,549
529,23230,Dorian Thompson-Robinson,CLE,5,24,QB,QB69,550
530,23154,Jadon Haselwood,PHI,10,23,WR,WR183,551
531,22146,Ben DiNucci,DEN,9,27,QB,QB70,552
532,24421,Cameron Latu,SF,9,24,TE,TE74,553
533,22572,Dax Milne,WAS,14,24,WR,WR184,554
534,16378,Keith Smith,ATL,11,32,FB,RB132,555
535,23252,Dontario Drummond,DAL,7,26,WR,WR185,556
536,21798,Josiah Deguara,GB,6,27,TE,TE75,557
537,24148,Davis Allen,LAR,10,23,TE,TE76,558
538,23614,John FitzPatrick,ATL,11,24,TE,TE77,559
539,23867,Armani Rogers,WAS,14,26,TE,TE78,560
540,23356,Makai Polk,BAL,13,22,WR,WR186,561
541,23844,Gerrit Prince,KC,10,26,TE,TE79,563
542,23746,Deven Thompkins,TB,5,24,WR,WR187,564
543,24124,Tanner McKee,PHI,10,24,QB,QB71,565
544,22521,Jeremy Ruckert,NYJ,7,23,TE,TE80,566
545,24215,Lew Nichols,GB,6,22,RB,RB133,567
546,23840,Kevin Austin Jr.,JAX,9,24,WR,WR188,568
547,23255,Snoop Conner,JAX,9,23,RB,RB134,569
548,22661,Jack Stoll,PHI,10,26,TE,TE81,570
549,23301,Jashaun Corbin,CAR,7,23,RB,RB135,571
550,22524,James Mitchell,DET,9,23,TE,TE82,572
551,23159,Joseph Ngata,PHI,10,23,WR,WR189,574
552,22662,Tommy Tremble,CAR,7,23,TE,TE83,575
553,24119,Andrei Iosivas,CIN,7,24,WR,WR190,576
554,23345,Kevin Harris,NE,11,23,RB,RB136,577
555,23355,Teagan Quitoriano,HOU,7,24,TE,TE84,578
556,23302,Britain Covey,PHI,10,27,WR,WR191,579
557,21731,John Hightower,LAC,5,27,WR,WR192,581
558,22588,Anthony Schwartz,CLE,5,23,WR,WR193,582
559,19304,Pharaoh Brown,NE,11,30,TE,TE85,583
560,24151,Payne Durham,TB,5,23,TE,TE86,584
561,23586,Julius Chestnut,TEN,7,23,RB,RB137,585
562,21837,J.J. Taylor,NE,11,26,RB,RB138,586
563,23368,Jalen Nailor,MIN,13,25,WR,WR194,587
564,20018,Nick Bawden,NYJ,7,27,FB,RB139,588
565,23192,Chris Brooks,MIA,10,24,RB,RB140,589
566,22512,Tre' McKitty,LAC,5,25,TE,TE87,590
567,23636,Zander Horvath,PIT,6,25,FB,RB141,591
568,24293,Antoine Green,DET,9,24,WR,WR195,592
569,22686,Dyami Brown,WAS,14,24,WR,WR196,593
570,22556,Jaret Patterson,WAS,14,24,RB,RB142,594
571,23468,Michael Woods II,CLE,5,24,WR,WR197,595
572,20964,Darwin Thompson,LV,13,27,RB,RB143,596
573,20946,Kaden Smith,WAS,14,27,TE,TE88,598
574,20722,Diontae Spencer,NYJ,7,32,WR,WR198,599
575,20742,J.J. Arcega-Whiteside,ATL,11,27,WR,WR199,600
576,23004,Adam Prentice,NO,11,27,FB,RB144,602
577,23325,Erik Ezukanma,MIA,10,24,WR,WR200,603
578,24199,Bryce Ford-Wheaton,NYG,13,24,WR,WR201,604
579,24609,Emari Demercado,ARI,14,25,RB,RB145,605
580,22608,Seth Williams,JAX,9,25,WR,WR202,606
581,24431,Camerun Peoples,CAR,7,24,RB,RB146,607
582,24170,Clayton Tune,ARI,14,25,QB,QB72,609
583,22554,Master Teague,PIT,6,24,RB,RB147,610
584,20150,Byron Pringle,WAS,14,30,WR,WR203,611
585,23143,Will Mallory,IND,11,24,TE,TE89,612
586,23202,SaRodorick Thompson Jr.,SEA,5,24,RB,RB148,613
587,21800,Mitchell Wilcox,CIN,7,27,TE,TE90,614
588,22645,Simi Fehoko,PIT,6,26,WR,WR204,615
589,20770,Zach Gentry,CIN,7,27,TE,TE91,616
590,24375,Josh Whyle,TEN,7,24,TE,TE92,617
591,22678,Jake Funk,IND,11,26,RB,RB149,618
592,23990,Dre Miller,GB,6,26,TE,TE93,619
593,22506,Brevin Jordan,HOU,7,23,TE,TE94,620
594,7651,Matthew Slater,NE,11,38,WR,WR205,621
595,23477,Skylar Thompson,MIA,10,26,QB,QB73,622
596,23650,Lucas Krull,DEN,9,25,TE,TE95,623
597,21400,Steven Sims,HOU,7,27,WR,WR206,624
598,22902,Ben Mason,BAL,13,24,FB,RB150,625
599,20823,Tyree Jackson,NYG,13,26,TE,TE96,626
600,21037,Miles Boykin,PIT,6,27,WR,WR207,628
601,20816,Lil'Jordan Humphrey,DEN,9,26,WR,WR208,629
602,22657,John Bates,WAS,14,26,TE,TE97,631
603,20506,Tanner Hudson,CIN,7,29,TE,TE98,632
604,21686,Jalen Reagor,NE,11,25,WR,WR209,633
605,21719,Nick Bowers,MIA,10,27,TE,TE99,634
606,16762,Jameis Winston,NO,11,30,QB,QB74,635
607,22112,Rodrigo Blankenship,TB,5,27,K,K40,636
608,21056,Hakeem Butler,PIT,6,28,WR,WR210,637
609,24149,Brayden Willis,SF,9,24,TE,TE100,639
610,18900,Mo Alie-Cox,IND,11,30,TE,TE101,640
611,19937,Keke Coutee,MIA,10,27,WR,WR211,641
612,16497,Teddy Bridgewater,DET,9,31,QB,QB75,642
613,22407,Tyler Mabry,SEA,5,27,TE,TE102,643
614,21823,Patrick Taylor,GB,6,26,RB,RB151,644
615,22345,Dan Chisena,PIT,6,27,WR,WR212,645
616,24405,Christopher Dunn,LAR,10,26,K,K41,646
617,21634,Derrick Gore,WAS,14,29,RB,RB152,647
618,24068,KaVontae Turpin,DAL,7,27,WR,WR213,648
619,21078,Jeff Smith,NYG,13,27,WR,WR214,649
620,14141,Cole Beasley,NYG,13,35,WR,WR215,650
621,16878,Blake Bell,KC,10,32,TE,TE103,651
622,21676,Jared Pinkney,CHI,13,26,TE,TE104,652
623,21448,Jalen Guyton,LAC,5,26,WR,WR216,654
624,18187,Robbie Chosen,MIA,10,31,WR,WR217,655
625,21723,James Proche II,BAL,13,27,WR,WR218,656
626,16781,Nelson Agholor,BAL,13,30,WR,WR219,657
627,14865,Marquise Goodwin,CLE,5,33,WR,WR220,658
628,23486,Grant Calcaterra,PHI,10,25,TE,TE105,660
629,23118,Malik Willis,TEN,7,24,QB,QB76,661
630,20802,Justice Hill,BAL,13,26,RB,RB153,662
631,14855,Matt Barkley,BUF,13,33,QB,QB77,663
632,20812,Jesper Horsted,LV,13,27,TE,TE106,664
633,19957,John Kelly Jr.,CLE,5,27,RB,RB154,665
634,20820,Andy Isabella,BUF,13,27,WR,WR221,666
635,22339,Kirk Merritt,NO,11,27,WR,WR222,667
636,20793,Penny Hart,ATL,11,27,WR,WR223,668
637,22620,Mike Strachan,IND,11,26,WR,WR224,669
638,21728,Lawrence Cager,NYG,13,26,TE,TE107,670
639,20874,Trace McSorley,NE,11,28,QB,QB78,671
640,21866,Chris Streveler,NYJ,7,29,QB,QB79,672
641,12982,Blaine Gabbert,KC,10,34,QB,QB80,673
642,21732,Giovanni Ricci,CAR,7,27,FB,RB155,675
643,22823,Kylen Granson,IND,11,26,TE,TE108,676
644,21797,La'Mical Perine,KC,10,26,RB,RB156,677
645,23647,Anthony Brown Jr.,BAL,13,25,QB,QB81,679
646,21796,Noah Togiai,ARI,14,26,TE,TE109,680
647,22160,Reid Sinnett,CIN,7,27,QB,QB82,682
648,24073,Maurice Alexander,DET,9,27,WR,WR225,684
649,22244,Ja'Marcus Bradley,PIT,6,27,WR,WR226,685
650,20810,Travis Homer,CHI,13,25,RB,RB157,686
651,22683,Jacob Harris,JAX,9,27,WR,WR227,687
652,21959,Dezmon Patmon,CAR,7,25,WR,WR228,689
653,20792,N'Keal Harry,MIN,13,26,WR,WR229,691
654,21865,Stephen Sullivan,CAR,7,27,TE,TE110,692
655,21736,Bryan Edwards,NO,11,25,WR,WR230,693
656,21730,Collin Johnson,NYG,13,26,WR,WR231,694
657,21818,Shane Buechele,BUF,13,26,QB,QB83,695
658,21960,Freddie Swain,MIA,10,25,WR,WR232,696
659,17914,Laquon Treadwell,BAL,13,28,WR,WR233,697
660,22498,Feleipe Franks,ATL,11,26,TE,TE111,698
661,19961,Ray-Ray McCloud,SF,9,27,WR,WR234,699
662,21675,Tyler Johnson,LAR,10,25,WR,WR235,700
663,23090,C.J. Saunders,ATL,11,27,WR,WR236,703
664,18118,Brandon Allen,SF,9,31,QB,QB84,704
665,23618,Ko Kieft,TB,5,26,TE,TE112,707
666,23685,James McCourt,JAX,9,26,K,K42,709
667,22548,Gerrid Doaks,HOU,7,25,RB,RB158,710
668,21781,Sean McKeon,DAL,7,26,TE,TE113,711
669,21820,Jacob Eason,CAR,7,26,QB,QB85,712
670,20931,Drew Sample,CIN,7,28,TE,TE114,714
671,23642,Jalen Virgil,DEN,9,25,WR,WR237,715
672,21782,Jonathan Ward,TEN,7,26,RB,RB159,716
673,22520,Miller Forristall,CLE,5,26,TE,TE115,717
674,22568,Cornell Powell,KC,10,26,WR,WR238,719
675,22206,Reggie Gilliam,BUF,13,26,FB,RB160,721
676,21817,Kellen Mond,CLE,5,24,QB,QB86,722
677,21828,Jake Fromm,WAS,14,25,QB,QB87,723
678,19064,Trent Taylor,CHI,13,30,WR,WR239,724
679,20037,Danny Etling,GB,6,29,QB,QB88,725
680,21764,Jason Huntley,IND,11,26,RB,RB161,727
681,22615,Kawaan Baker,NO,11,25,WR,WR240,728
682,21773,Eno Benjamin,NO,11,25,RB,RB162,729
683,22497,Ian Book,PHI,10,26,QB,QB89,730
684,21601,Gunner Olszewski,PIT,6,27,WR,WR241,732
685,23488,Curtis Hodges,WAS,14,25,TE,TE116,733
686,21724,Easop Winston Jr.,SEA,5,27,WR,WR242,734
687,13723,Nick Foles,IND,11,35,QB,QB90,735
688,21815,Sam Ehlinger,IND,11,25,QB,QB91,736
689,22573,Dazz Newsome,SF,9,25,WR,WR243,737
690,22477,Dominique Dafney,TB,5,26,TE,TE117,738
691,6489,Josh Johnson,BAL,13,38,QB,QB92,739
692,21854,Anthony McFarland Jr.,PIT,6,26,RB,RB163,740
693,23209,Mohamed Ibrahim,DET,9,25,RB,RB164,743
694,15694,Case Keenum,HOU,7,36,QB,QB93,744
695,22514,Kenny Yeboah,NYJ,7,25,TE,TE118,745
696,16846,Tyler Kroft,MIA,10,31,TE,TE119,746
697,21804,DeeJay Dallas,SEA,5,25,RB,RB165,747
698,19755,River Cracraft,MIA,10,29,WR,WR244,748
699,24118,Tucker Kraft,GB,6,23,TE,TE120,749
700,20963,Cody Thompson,SEA,5,28,WR,WR245,750
701,21138,Scotty Miller,ATL,11,26,WR,WR246,751
702,21741,Denzel Mims,DET,9,26,WR,WR247,752
703,22925,Avery Williams,ATL,11,25,RB,RB166,753
704,19910,Ian Thomas,CAR,7,27,TE,TE121,755
705,23737,Tanner Conner,MIA,10,26,TE,TE122,757
706,3061,Marcedes Lewis,CHI,13,40,TE,TE123,759
707,20953,Easton Stick,LAC,5,28,QB,QB94,761
708,24549,Tanner Morgan,PIT,6,25,QB,QB95,762
709,21795,Luke Farrell,JAX,9,26,TE,TE124,763
710,21774,Tony Jones,NO,11,26,RB,RB167,764
711,22676,Kene Nwangwu,MIN,13,26,RB,RB168,765
712,23634,Samori Toure,GB,6,26,WR,WR248,768
713,22612,Tre Nixon,NE,11,26,WR,WR249,769
714,21783,Harrison Bryant,CLE,5,26,TE,TE125,770
715,23099,Michael Bandy,DEN,9,26,WR,WR250,771
716,21771,Devin Asiasi,CIN,7,26,TE,TE126,772
717,20977,Trevon Wesco,TEN,7,28,TE,TE127,773
718,22415,Mason Kinsey,TEN,7,25,WR,WR251,775
719,21845,Darrynton Evans,MIA,10,25,RB,RB169,776
720,22567,Cade Johnson,SEA,5,26,WR,WR252,777
721,23481,Velus Jones Jr.,CHI,13,27,WR,WR253,778
722,22594,Frank Darby,ATL,11,26,WR,WR254,779
723,18990,Jonnu Smith,ATL,11,28,TE,TE128,781
724,22635,Jalen Camp,HOU,7,25,WR,WR255,782
725,20950,Benny Snell Jr.,DET,9,26,RB,RB170,783
726,21240,Damarea Crockett,NYJ,7,26,RB,RB171,784
727,24347,Xavier Hutchinson,HOU,7,23,WR,WR256,786
728,22119,Charlie Woerner,SF,9,26,TE,TE129,787
729,23632,Brittain Brown,LV,13,26,RB,RB172,788
730,20011,Javon Wims,CAR,7,29,WR,WR257,790
731,22915,Sammis Reyes,JAX,9,28,TE,TE130,791
732,23483,Isaiah Weston,CLE,5,26,WR,WR258,792
733,22618,Marquez Stevenson,CAR,7,26,WR,WR259,793
734,21750,Marquez Callaway,LV,13,26,WR,WR260,794
735,23978,Raleigh Webb,MIA,10,26,WR,WR261,796
736,21737,Tyrie Cleveland,PHI,10,26,WR,WR262,797
737,22644,DJ Turner,LV,13,27,WR,WR263,798
738,22591,Dez Fitzpatrick,PIT,6,26,WR,WR264,799
739,21046,Jake Browning,CIN,7,28,QB,QB96,800
740,23139,Jalen Wydermyer,IND,11,23,TE,TE131,801
741,19330,Nick Mullens,MIN,13,29,QB,QB97,802
742,21531,Chris Myarick,NYG,13,28,FB,RB173,804
743,23996,Kendric Pryor,JAX,9,26,WR,WR265,805
744,21718,Joe Reed,CHI,13,26,WR,WR266,806
745,21729,Quintez Cephus,DET,9,26,WR,WR267,807
746,22569,Dee Eskridge,SEA,5,27,WR,WR268,808
747,20979,Antoine Wesley,LV,13,26,WR,WR269,809
748,20361,Ross Dwelley,SF,9,29,TE,TE132,810
749,23624,Dareke Young,SEA,5,24,WR,WR270,811
750,19626,Dare Ogunbowale,HOU,7,30,RB,RB174,812
751,18058,Tajae Sharpe,SF,9,29,WR,WR271,815
752,19191,P.J. Walker,CLE,5,29,QB,QB98,816
753,18673,Jaydon Mickens,NYG,13,30,WR,WR272,817
754,18104,Nate Sudfeld,DET,9,30,QB,QB99,818
755,18047,Demarcus Robinson,LAR,10,29,WR,WR273,819
756,18152,Dwayne Washington,DEN,9,30,RB,RB175,820
757,19850,Mason Rudolph,PIT,6,28,QB,QB100,823
758,21310,Khari Blasingame,CHI,13,27,FB,RB176,824
759,19035,Eric Saubert,MIA,10,30,TE,TE133,826
760,21277,David Blough,DET,9,28,QB,QB101,827
761,19281,Jacob Hollister,LV,13,30,TE,TE134,832
762,19172,Zach Pascal,ARI,14,29,WR,WR274,833
763,18073,Jonathan Williams,WAS,14,30,RB,RB177,834
764,21227,Andrew Beck,HOU,7,28,FB,RB178,835
765,20952,Jace Sternberger,BUF,13,27,TE,TE135,836
766,18973,C.J. Beathard,JAX,9,30,QB,QB102,837
767,16031,Damien Williams,LV,13,32,RB,RB179,838
768,16866,Jamison Crowder,WAS,14,30,WR,WR275,841
769,21519,Joey Slye,WAS,14,28,K,K43,843
770,20837,Ty Johnson,BUF,13,26,RB,RB180,846
771,16787,Breshad Perriman,IND,11,30,WR,WR276,847
772,19029,Nathan Peterman,CHI,13,30,QB,QB103,850
773,18197,Alex Erickson,LAC,5,31,WR,WR277,851
774,16141,Willie Snead IV,SF,9,31,WR,WR278,852
775,16920,Jesse James,NO,11,29,TE,TE136,854
776,16790,Phillip Dorsett,DEN,9,31,WR,WR279,855
777,17290,Adam Humphries,HOU,7,30,WR,WR280,856
778,16815,Ameer Abdullah,LV,13,30,RB,RB181,857
779,17141,Damiere Byrd,CAR,7,31,WR,WR281,860
780,20191,Godwin Igwebuike,ATL,11,29,RB,RB182,862
781,16837,Chris Conley,SF,9,31,WR,WR282,863
782,18123,Jeff Driskel,ARI,14,31,QB,QB104,866
783,13063,Taiwan Jones,NYG,13,35,RB,RB183,867
784,18019,Nick Vannett,LAC,5,31,TE,TE137,869
785,20511,Chris Lacy,LV,13,28,WR,WR283,874
786,13741,Brandon Bolden,LV,13,34,RB,RB184,875
787,8358,Brian Hoyer,LV,13,38,QB,QB105,878
788,22284,Ben Ellefson,MIN,13,27,TE,TE138,879
789,16903,MyCole Pruitt,ATL,11,32,TE,TE139,883
790,17223,Eric Tomlinson,HOU,7,32,TE,TE140,889
791,21203,Matthew Wright,SF,9,28,K,K44,892
792,17762,Chris Manhertz,DEN,9,32,TE,TE141,896
793,20134,Kevin Rader,TEN,7,29,TE,TE142,899
794,19897,Tre'Quan Smith,NO,11,28,WR,WR284,902
795,19079,Zane Gonzalez,SF,9,29,K,K45,903
796,20835,KeeSean Johnson,BUF,13,27,WR,WR285,906
797,21032,Kendall Blanton,KC,10,28,TE,TE143,907
798,21514,Austin Walter,LV,13,27,RB,RB185,909
799,20957,Tommy Sweeney,NYG,13,28,TE,TE144,910
800,21115,Juwann Winfree,IND,11,27,WR,WR286,911
801,20703,John Wolford,TB,5,28,QB,QB106,912
802,21556,Tom Kennedy,DET,9,27,WR,WR287,914
803,19823,Royce Freeman,LAR,10,28,RB,RB186,915
804,19065,Jeremy McNichols,SF,9,28,RB,RB187,918
805,19865,James Washington,IND,11,28,WR,WR288,919
806,21211,Patrick Laird,TB,5,28,RB,RB188,920
807,18445,Mike Thomas,BAL,13,29,WR,WR289,921
808,20900,Qadree Ollison,PIT,6,27,RB,RB189,922
809,20684,Malik Turner,IND,11,28,WR,WR290,924
810,19981,Daurice Fountain,DET,9,28,WR,WR291,925
811,20159,Mike Boone,HOU,7,28,RB,RB190,926
812,20929,Brett Rypien,LAR,10,27,QB,QB107,927
813,23101,Parker Hesse,ATL,11,28,TE,TE145,928
814,20064,Justin Jackson,DET,9,28,RB,RB191,929
815,22418,Tommy Hudson,NO,11,27,TE,TE146,930
816,20838,Tyron Billy-Johnson,DAL,7,28,WR,WR292,932
817,20295,Vyncint Smith,IND,11,27,WR,WR293,933
818,22126,Ty'Son Williams,ARI,14,27,RB,RB192,935
819,20768,Myles Gaskin,MIN,13,27,RB,RB193,937
820,22213,Kendall Hinton,DEN,9,27,WR,WR294,939
821,22417,Kristian Wilkerson,LV,13,27,WR,WR295,940
822,20886,Stanley Morgan Jr.,CIN,7,27,WR,WR296,941
823,20904,Devine Ozigbo,DET,9,27,RB,RB194,942
824,20939,David Sills,DEN,9,27,WR,WR297,943
825,20988,Preston Williams,CAR,7,27,WR,WR298,944
826,22234,Andre Baccellia,ARI,14,27,WR,WR299,945
827,19705,Greg Ward,PHI,10,28,WR,WR300,947
828,20283,Tim Boyle,NYJ,7,29,QB,QB108,948
829,19165,Johnny Mundt,MIN,13,29,TE,TE147,949
830,19075,Mason Schreck,HOU,7,30,TE,TE148,950
831,20055,Logan Woodside,ATL,11,29,QB,QB109,952
832,19410,Ricky Seals-Jones,IND,11,29,TE,TE149,954
833,17005,Geoff Swaim,ARI,14,30,TE,TE150,955
834,18901,O.J. Howard,LV,13,29,TE,TE151,956
835,19361,Marcus Kemp,WAS,14,28,WR,WR301,962
836,18881,John Ross,KC,10,28,WR,WR302,964
837,21814,Jake Luton,CAR,7,28,QB,QB110,966
838,20071,Keith Kirkwood,NO,11,29,WR,WR303,967
839,19514,Keelan Cole Sr.,LV,13,31,WR,WR304,968
840,21158,Matt Sokol,NE,11,28,TE,TE152,969
841,20487,Brandon Powell,MIN,13,28,WR,WR305,970
842,21295,Nsimba Webster,CHI,13,28,WR,WR306,972
843,21072,Keelan Doss,LAC,5,28,WR,WR307,973
844,19044,Jamal Agnew,JAX,9,29,WR,WR308,975
845,20529,Cam Sims,NYG,13,28,WR,WR309,976
846,19296,Anthony Firkser,NE,11,29,TE,TE153,977
847,20779,Will Grier,CIN,7,29,QB,QB111,979
848,19979,Jordan Wilkins,CLE,5,29,RB,RB195,980
849,23253,Dontayvion Wicks,GB,6,22,WR,WR310,984
850,24472,Xavier Gipson,NYJ,7,23,WR,WR311,985
851,19864,Anthony Miller,SF,9,29,WR,WR312,986
852,23317,Jerrion Ealy,KC,10,23,WR,WR313,988
853,23341,Tyler Goodson,GB,6,23,RB,RB196,989
854,23467,Jalen Cropper,DAL,7,23,WR,WR314,990
855,23608,Drew Ogletree,IND,11,25,TE,TE154,991
856,24168,Tyson Bagent,CHI,13,23,QB,QB112,992
857,22667,Zach Davidson,BUF,13,25,TE,TE155,993
858,24311,Jaleel McLaughlin,DEN,9,23,RB,RB197,994
859,23084,Shane Zylstra,DET,9,27,TE,TE156,995
860,23573,Danny Gray,SF,9,25,WR,WR315,996
861,24342,Mitchell Tinsley,WAS,14,24,WR,WR316,997
862,23166,Rakim Jarrett,TB,5,23,WR,WR317,998
863,23052,Nate McCrary,GB,6,25,RB,RB198,999
864,24143,Parker Washington,JAX,9,22,WR,WR318,1000